	pep01_G	pep02_C	pep03_T	pep04_K	pep05_E	pep06_A	pep07_C	pep08_H	pep09_F
hla01_M	0.0004	0.0	0.0	-0.0	-0.0	0.0	0.0	-0.0	0.0
hla02_Y	1e-04	0.0181	0.0	0.0	0.0	0.0	0.0	0.0	0.0
hla03_D	0.0002	-0.0171	0.0032	0.0	-0.0376	0.0009	-0.0061	0.0	0.0
hla04_F	-0.0	-0.0502	-0.0	-0.0	-0.0764	-0.0	-0.0	-0.0	0.0
hla05_S	-0.0	-0.0327	-0.0	0.0	0.0	-0.0	-0.0	0.0	-0.0
hla06_F	-0.0	-0.0338	-0.0	-0.0	-0.0	-0.0	-0.0	-0.0	0.0
hla07_E	0.0006	-0.0181	0.0	0.0	-0.0	0.0	-0.0	0.0	0.0
hla08_E	0.0	-0.0	0.0	0.0	-0.0	0.0	-0.0	0.0	0.0
hla09_Y	0.0	0.0	0.0	0.0	0.0	0.0	0.0	0.0	0.0
hla10_R	-0.0008	-0.0551	0.0192	-0.137	0.0	0.0	-0.0	-0.0	-0.0
hla11_N	-0.0006	-0.0415	-0.0	-0.0095	-0.0	-0.0	-0.0	-0.0	-0.0
hla12_Q	-0.0	-0.0	-0.0	-0.0794	-0.0	-0.0	-0.0	-0.0	0.0
hla13_I	-0.0007	-0.1594	-0.1077	0.0713	-0.0724	-0.0362	-0.0	0.0	0.0
hla14_F	-0.0024	-0.1846	-0.0	-0.0	-0.0	-0.0	-0.0	-0.0	0.0
hla15_T	0.0	0.0	0.0	0.0088	0.0365	0.0047	0.0	-0.0	-0.0
hla16_N	-0.0	-0.0324	-0.0064	-0.0074	-0.0018	-0.0133	-0.0116	-0.0	-0.0
hla17_Q	-0.0	-0.0	-0.0	-0.0	-0.0	-0.0743	-0.0	-0.0159	0.0
hla18_T	0.0	0.0	0.0	0.0	0.0033	0.0004	0.0006	-0.0	-0.0
hla19_D	0.0	-0.0	0.0	0.0	-0.0152	0.0003	-0.0025	0.0	0.0028
hla20_E	0.0	-0.0	0.0	0.0	-0.0	0.0	-0.0	0.0017	0.0
hla21_S	-0.0	-0.0	-0.0	0.0	0.0058	-0.0	-0.002	0.0003	-0.0015
hla22_N	-0.0	-0.0	-0.0	-0.0	-0.0	-0.0	-0.0	-0.0054	-0.22
hla23_L	-0.0	-0.0	-0.0	-0.0	-0.0	-0.0	-0.0	-0.0	0.1256
hla24_Y	0.0	0.0	0.0	0.0	0.0	0.0	0.0	0.0	0.0854
hla25_L	-0.0	-0.0	-0.0	-0.0	-0.0	-0.0	-0.0	-0.0	0.2597
hla26_S	-0.0	-0.0	-0.0738	0.0381	0.2141	-0.0473	-0.0739	0.0	-0.0548
hla27_Y	1e-04	0.0069	0.0035	0.0	0.0019	0.0027	0.0025	0.0	0.0
hla28_N	-0.0	-0.0	-0.0278	-0.0	-0.0076	-0.0576	-0.0502	-0.0	-0.0
hla29_Y	0.0	0.0	0.0006	0.0	0.0003	0.0005	0.0005	0.0	0.0004
hla30_A	-0.0	-0.0	0.0	-0.0	-0.0	-0.0	-0.0	-0.0	0.2841
hla31_Y	0.0	0.0	0.0	0.0	0.0	0.0	0.0	0.0	0.0781
hla32_W	0.0	-0.0	0.0	0.0	-0.0	0.0	-0.0	0.0	-0.0
hla33_T	0.0	0.0	0.0	0.0	0.0	0.0	0.0	-0.0	-0.3473
hla34_K	-0.0	-0.0	-0.0	-0.0	-0.0	-0.0	-0.0107	-0.0006	-0.0013
hla35_W	0.0	-0.0	0.0	0.0	-0.0002	1e-04	-0.0	0.0	-0.0
hla36_A	-0.0	-0.0	0.0	-0.0	-0.0859	-0.0	-0.0026	-0.0	0.0
hla37_V	-0.0	-0.0	-0.0051	-0.0	0.0033	-0.0049	-0.0299	-0.0	-0.0
hla38_Q	-0.0	-0.0	-0.1646	-0.0789	-0.4614	-0.0753	-0.1284	-0.0	0.0
hla39_D	0.0	-0.0	0.0144	0.1963	-0.1717	0.0039	-0.0278	0.0	0.0
hla40_Y	0.0	0.0	0.0	0.0	0.0	0.0	0.0	0.0	0.0
hla41_T	0.0	1e-04	0.0	0.0	0.0	0.0	0.0	-0.0	-0.0
hla42_W	0.0	-0.0	0.0	0.0	-0.0	0.0	-0.0	0.0	-0.0
hla43_R	-0.0011	-0.0	0.0	-0.0	0.0	0.0	-0.0	-0.0	-0.0
hla44_Y	0.0	0.0	0.0	0.0	0.0	0.0	0.0	0.0	0.0
