	pep01_H	pep02_L	pep03_M	pep04_L	pep05_Q	pep06_L	pep07_V	pep08_R	pep09_V
hla01_M	-0.015	0.0	0.0	0.0	0.0	0.0	0.0	-0.0	0.0
hla02_Y	0.0023	0.0132	0.0	0.0	0.0	0.0	0.0	0.0	0.0
hla03_F	-0.0136	0.0212	0.0094	0.0	-0.0026	0.0043	-0.0002	-0.0	-0.0
hla04_F	-0.0	0.0043	0.0	0.0	-0.0005	0.0	-0.0	-0.0	-0.0
hla05_A	-0.0	0.0124	0.0	0.0	-0.0	0.0	0.0	-0.0	0.0
hla06_F	-0.0	0.0313	0.0	0.0	-0.0	0.0	-0.0	-0.0	-0.0
hla07_M	-0.005	0.0586	0.0	0.0	0.0	0.0	0.0	-0.0	0.0
hla08_E	0.0391	0.0	0.0	0.0	0.0	0.0	0.0	0.0	0.0
hla09_Y	0.0071	0.0	0.0	0.0	0.0	0.0	0.0	0.0	0.0
hla10_G	-0.0024	-0.0033	-0.0005	-1e-04	-0.0	-0.0	0.0	-0.0	0.0
hla11_E	0.0291	0.0454	0.0	0.0018	0.0	0.0	0.0	0.0	0.0
hla12_R	-0.0	-0.0	-0.0	-0.0018	-0.0	-0.0	-0.0	-0.0	-0.0
hla13_K	-0.0065	-0.0766	-0.014	-0.003	-0.0034	-0.0156	-0.0	-0.0	-0.0
hla14_V	-0.0409	0.1385	0.0	0.0	0.0	0.0	0.0	-0.0	0.0
hla15_A	-0.0	0.0	0.0	0.0039	-0.0024	0.02	0.0	-0.0	0.0
hla16_H	-0.0	-0.0007	-0.0082	-0.0	-0.0009	-1e-04	1e-04	-0.0	0.0
hla17_Q	-0.0	-0.0	-0.0	-0.0	-0.0	-0.0011	-0.0	-0.0003	-0.0
hla18_T	-0.0	-0.0	-0.0	-0.0	0.0	-1e-04	0.0	0.0	0.0
hla19_H	-0.0	-0.0	-0.0	-0.0	-0.0022	-0.0004	0.0002	-0.0	0.0045
hla20_V	-0.0	0.0	0.0	0.0	0.0	0.0	0.0	-0.007	0.0
hla21_D	0.0	0.0	0.0	0.0	0.0012	0.0	0.001	0.0045	0.0177
hla22_T	-0.0	-0.0	-0.0	-0.0	0.0	-0.0	0.0	0.0032	0.0248
hla23_L	-0.0	0.0	0.0	0.0	-0.0	0.0	-0.0	-0.0	-0.0257
hla24_Y	0.0	0.0	0.0	0.0	0.0	0.0	0.0	0.0	0.2726
hla25_V	-0.0	0.0	0.0	0.0	0.0	0.0	0.0	-0.0	0.0385
hla26_R	-0.0	-0.0	-0.0152	-0.001	-0.0054	-0.0052	-0.0007	-0.0	-0.0119
hla27_Y	0.0169	0.0974	0.0272	0.0	0.0062	0.0198	0.0063	0.0	0.0
hla28_H	-0.0	-0.0	-0.0169	-0.0	-0.0018	-0.0003	0.0002	-0.0	0.0
hla29_Y	0.0	0.0	0.0348	0.0	0.0079	0.0253	0.008	0.0	0.1461
hla30_A	-0.0	0.0	0.0	0.0	-0.0	0.0	0.0	-0.0	0.0543
hla31_Y	0.0	0.0	0.0	0.0	0.0	0.0	0.0	0.0	0.244
hla32_W	0.0	-0.0	0.0	-0.0	-0.0	-0.0	0.0	0.0	0.0
hla33_T	-0.0	-0.0	-0.0	-0.0	0.0	-0.0	0.0	0.0	0.0086
hla34_K	-0.0	-0.0	-0.0	-0.0	-0.0	-0.0	-0.0004	-0.0003	-0.0068
hla35_W	0.0	-0.0	0.0	-0.0	-0.0006	-0.0056	0.0015	0.0036	0.0264
hla36_A	-0.0	0.0	0.0	0.0	-0.0038	0.0	0.0027	-0.0	0.0
hla37_V	-0.0	0.0	0.0265	0.0	0.0049	0.0137	0.0027	-0.0	0.0
hla38_Q	-0.0	-0.0	-0.0021	-0.0008	-0.004	-0.0044	-0.0016	-0.0	-0.0
hla39_L	-0.0	0.0	0.0781	0.0045	-0.0189	0.0229	-0.0022	-0.0	-0.0
hla40_Y	0.0013	0.0076	0.0021	0.0003	0.0005	0.0	0.0	0.0	0.0
hla41_T	-1e-04	-0.0038	-0.0	-0.0002	0.0	-0.0	0.0	0.0	0.0
hla42_W	0.0399	-0.0	0.0	-0.0	-0.0	-0.0	0.0	0.0	0.0
hla43_R	-0.0101	-0.0	-0.0	-0.0	-0.0	-0.0	-0.0	-0.0	-0.0
hla44_Y	0.006	0.0	0.0	0.0	0.0	0.0	0.0	0.0	0.0
