	pep01_I	pep02_S	pep03_E	pep04_A	pep05_E	pep06_Q	pep07_R	pep08_T	pep09_I
hla01_M	0.0103	0.0	-0.0	0.0	-0.0	0.0	-0.0	0.0	0.0
hla02_Y	0.0097	0.0215	0.0	0.0	0.0	0.0	0.0	0.0	0.0
hla03_Y	0.0433	0.0961	0.0211	0.0	0.0055	0.004	0.0011	0.0	0.0
hla04_F	0.0	-0.0021	-0.0	-0.0	-0.0005	-0.0	-0.0	-0.0	0.0
hla05_A	0.0	-0.0471	-0.0	-0.0	-0.0	-0.0	-0.0	0.0	0.0
hla06_F	0.0	-0.0493	-0.0	-0.0	-0.0	-0.0	-0.0	-0.0	0.0
hla07_M	0.0191	0.1077	-0.0	0.0	-0.0	0.0	-0.0	0.0	0.0
hla08_E	0.0183	0.0	-0.0	0.0	-0.0	0.0	0.0	0.0	0.0
hla09_Y	0.004	0.0	0.0	0.0	0.0	0.0	0.0	0.0	0.0
hla10_G	0.0043	0.0278	-0.1051	0.0016	-0.0	-0.0	-0.0	0.0	0.0
hla11_E	0.0124	0.0269	-0.0	0.0042	-0.0	0.0	0.0	0.0	0.0
hla12_R	-0.0	0.0	0.0	0.001	0.0	-0.0	-0.0	0.0	-0.0
hla13_N	-0.1024	-0.0757	-0.0068	-0.0311	-0.0018	-0.0133	-0.0	-0.0	-0.0
hla14_M	0.0505	0.2841	-0.0	0.0	-0.0	0.0	-0.0	0.0	0.0
hla15_A	0.0	-0.0	-0.0	-0.0028	-0.0097	-0.0007	-0.0	0.0	0.0
hla16_S	-0.0	-0.0054	0.0074	-0.001	0.0019	0.0005	1e-04	-0.0	-0.0
hla17_Q	-0.0	-0.0	-0.0	-0.0	-0.0	-0.0125	-0.0	-0.0363	-0.0
hla18_T	-0.0	0.0	0.0	0.0	0.0003	0.0	1e-04	0.0	-0.0
hla19_Y	0.0	0.0	0.0	0.0	1e-04	1e-04	0.0	0.0	0.0017
hla20_E	0.0	0.0	-0.0	0.0	-0.0	0.0	0.0	0.0006	0.0
hla21_N	-0.0	-0.0	-0.0	-0.0	-0.0002	-0.0	-0.0015	-0.001	-0.028
hla22_I	-0.0	-0.0	-0.0	-0.0	-0.0	0.0	0.0	-0.0129	-0.0501
hla23_A	0.0	-0.0	-0.0	-0.0	-0.0	-0.0	-0.0	0.0	0.256
hla24_Y	0.0	0.0	0.0	0.0	0.0	0.0	0.0	0.0	0.012
hla25_I	-0.0	-0.0	-0.0	-0.0	-0.0	0.0	0.0	-0.0	-0.1358
hla26_V	0.0	-0.0	0.0005	-0.0004	1e-04	0.0005	-0.0013	-0.0	0.01
hla27_Y	0.0424	0.094	0.0206	0.0	0.0054	0.0039	0.001	0.0	0.0
hla28_N	-0.0	-0.0	-0.0003	-0.0	-1e-04	-0.0006	-0.0007	-0.0	-0.0
hla29_Y	0.0	0.0	1e-04	0.0	0.0	0.0	0.0	0.0	0.0003
hla30_A	0.0	-0.0	-0.0	-0.0	-0.0	-0.0	-0.0	0.0	0.2624
hla31_Y	0.0	0.0	0.0	0.0	0.0	0.0	0.0	0.0	0.0037
hla32_W	0.0	0.0	-0.0	0.0	-0.0	-0.0	0.0	0.0	0.0
hla33_T	-0.0	0.0	0.0	0.0	0.0	0.0	0.0	0.0	-0.0022
hla34_K	-0.0	-0.0	-0.0	-0.0	-0.0	-0.0	-0.021	-0.0205	-0.2111
hla35_W	0.0	0.0	-0.0	0.0	-1e-04	-0.0	0.0002	0.0	0.0004
hla36_A	0.0	-0.0	-0.0	-0.0	-0.0324	-0.0	-0.0313	0.0	0.0
hla37_V	0.0	-0.0	0.0038	-0.0	0.001	0.0038	-0.0102	-0.0	0.0
hla38_Q	-0.0	-0.0	-0.2102	-0.0207	-0.0554	-0.011	-0.0147	-0.0	-0.0
hla39_L	-0.0	-0.0	-0.0406	-0.0018	-0.0107	-0.0027	-0.0078	-0.0	-0.0
hla40_Y	0.0002	0.0004	1e-04	1e-04	0.0	0.0	0.0	0.0	0.0
hla41_L	-0.0002	-0.006	-0.0	-0.0002	-0.0	-0.0	-0.0	-0.0	-0.0
hla42_W	0.0112	0.0	-0.0	0.0	-0.0	-0.0	0.0	0.0	0.0
hla43_R	-1e-04	0.0	0.0	0.0	0.0	-0.0	-0.0	0.0	-0.0
hla44_Y	0.0036	0.0	0.0	0.0	0.0	0.0	0.0	0.0	0.0
