	pep01_T	pep02_G	pep03_V	pep04_G	pep05_A	pep06_K	pep07_L	pep08_E	pep09_Y
hla01_M	0.0216	0.0	0.0	0.0	0.0	-0.0	0.0	-0.0	0.0
hla02_Y	0.0017	0.0044	0.0	0.0	0.0	0.0	0.0	0.0	-0.0
hla03_Y	0.0192	0.0482	0.1033	0.0	0.03	0.0036	0.0476	0.0	-0.0
hla04_F	-0.0	-0.0382	-0.0	-0.0	-0.0011	-0.0	0.0	-0.0	0.0
hla05_A	0.0	-0.062	0.0	-0.0	-0.0	-0.0	0.0	-0.0	-0.0
hla06_F	-0.0	-0.0083	-0.0	-0.0	-0.0	-0.0	0.0	-0.0	0.0
hla07_G	0.0049	-0.0864	0.0	-0.0	0.0	-0.0	-0.0	-0.0	-0.0
hla08_E	0.0016	0.0	0.0	0.0	0.0	0.0	0.0	-0.0	0.0
hla09_Y	0.0016	0.0	0.0	0.0	0.0	0.0	0.0	0.0	-0.0
hla10_R	0.0114	-0.0853	-0.0247	-0.0172	0.0	-0.0	-0.0	0.0	-0.0
hla11_E	0.0034	0.0777	0.0	0.0156	0.0	0.0	0.0	-0.0	0.0
hla12_Q	-0.0	-0.0	-0.0	-0.0498	-0.0	-0.0	-0.0	-0.0	0.0
hla13_K	-0.0569	-0.1877	-0.3666	-0.0378	-0.0778	-0.0662	-0.0	-0.0	0.0
hla14_Y	0.0526	0.1322	0.0	0.0	0.0	0.0	0.0	0.0	-0.0
hla15_R	0.0	-0.0	-0.0	-0.0072	0.01	-0.065	-0.0	0.0	-0.0
hla16_Q	-0.0	-0.0573	-0.0452	-0.0115	-0.0134	-0.0133	-0.0178	-0.0	0.0
hla17_Q	-0.0	-0.0	-0.0	-0.0	-0.0	-0.0624	-0.0	-0.0371	0.0
hla18_T	0.0	0.0	0.0	0.0	0.0062	0.011	-0.0065	0.0046	-0.0
hla19_D	0.0	0.0	0.0	0.0	0.0028	0.1357	0.0582	-0.0	0.0299
hla20_V	-0.0	-0.0	0.0	-0.0	-0.0	-0.0	0.0	0.0005	-0.0
hla21_S	-0.0	-0.0	-0.0	-0.0	-0.0176	0.0	-0.0079	0.0077	0.0069
hla22_N	-0.0	-0.0	-0.0	-0.0	-0.0	-0.0	-0.0	-0.001	-0.1931
hla23_L	-0.0	-0.0	-0.0	-0.0	-0.0	-0.0	0.0	-0.0	0.0184
hla24_Y	0.0	0.0	0.0	0.0	0.0	0.0	0.0	0.0	-0.088
hla25_L	-0.0	-0.0	-0.0	-0.0	-0.0	-0.0	0.0	-0.0	0.183
hla26_R	0.0	-0.0	-0.0189	-0.0131	0.0183	-0.1187	-0.0218	0.0	-0.2246
hla27_Y	0.0047	0.0117	0.0251	0.0	0.0073	0.0009	0.0116	0.0	-0.0
hla28_N	-0.0	-0.0	-0.2452	-0.0	-0.0811	-0.0427	-0.2381	-0.0	-0.0
hla29_F	-0.0	-0.0	-0.002	-0.0	-0.0003	-0.0072	0.0057	-0.0	0.0033
hla30_A	0.0	-0.0	0.0	-0.0	-0.0	-0.0	0.0	-0.0	-0.1149
hla31_Y	0.0	0.0	0.0	0.0	0.0	0.0	0.0	0.0	-0.0774
hla32_W	0.0	0.0	0.0	0.0	0.0	0.0	-0.0	-0.0	0.0
hla33_T	0.0	0.0	0.0	0.0	0.0	0.0	-0.0	0.0	-0.0496
hla34_K	-0.0	-0.0	-0.0	-0.0	-0.0	-0.0	-0.0041	-0.0	0.006
hla35_W	0.0	0.0	0.0	0.0	0.0062	0.0105	-0.0051	-0.0011	0.0089
hla36_A	0.0	-0.0	0.0	-0.0	-0.011	-0.0	0.0518	-0.0	-0.0
hla37_E	0.0	0.0	0.0039	0.0	0.0022	0.0102	0.004	-0.0	0.0
hla38_Q	-0.0	-0.0	-0.1237	-0.0315	-0.0367	-0.0365	-0.0487	-0.0	0.0
hla39_R	0.0	-0.0	-0.0305	-0.0211	0.0296	-0.1917	-0.0351	0.0	-0.0
hla40_Y	0.0027	0.0069	0.0147	0.0014	0.0043	0.0	0.0	0.0	-0.0
hla41_T	0.0047	0.0681	0.0	0.0137	0.0	0.0	-0.0	0.0	-0.0
hla42_W	0.0029	0.0	0.0	0.0	0.0	0.0	-0.0	-0.0	0.0
hla43_R	0.0018	-0.0	-0.0	-0.0	0.0	-0.0	-0.0	0.0	-0.0
hla44_Y	0.0002	0.0	0.0	0.0	0.0	0.0	0.0	0.0	-0.0
