	pep01_K	pep02_L	pep03_M	pep04_G	pep05_A	pep06_T	pep07_V	pep08_I	pep09_P
hla01_M	-0.0166	0.0	0.0	0.0	0.0	0.0	0.0	0.0	-0.0
hla02_Y	0.0004	0.0112	0.0	0.0	0.0	0.0	0.0	0.0	0.0
hla03_Y	0.0012	0.0307	0.0061	0.0	0.0082	0.0026	0.004	0.0	0.0
hla04_F	-0.0	0.0185	0.0	-0.0	-0.0004	-0.0	-0.0	0.0	0.0
hla05_A	-0.0	0.1174	0.0	-0.0	-0.0	0.0	0.0	0.0	-0.0
hla06_F	-0.0	0.0109	0.0	-0.0	-0.0	-0.0	-0.0	0.0	0.0
hla07_G	-0.0057	-0.04	-0.0	-0.0	0.0	0.0	0.0	0.0	-0.0
hla08_E	0.1211	0.0	0.0	0.0	0.0	0.0	0.0	0.0	-0.0
hla09_Y	0.0012	0.0	0.0	0.0	0.0	0.0	0.0	0.0	0.0
hla10_R	-0.1006	-0.0354	-0.0151	-0.006	0.0	0.0	-0.0	-0.0	-0.0
hla11_E	0.0838	0.0627	0.0	0.0151	0.0	0.0	0.0	0.0	-0.0
hla12_Q	-0.0	-0.0	-0.0	-0.0018	-0.0	-0.0	-0.0	-0.0	-0.0
hla13_K	-0.0597	-0.3172	-0.0414	-0.0184	-0.0571	-0.0206	-0.0	-0.0	-0.0
hla14_Y	0.0069	0.1778	0.0	0.0	0.0	0.0	0.0	0.0	0.0
hla15_R	-0.0	-0.0	-0.0	-0.0059	0.0125	0.0029	-0.0	-0.0	-0.0
hla16_Q	-0.0	-0.0024	-0.0002	-0.0004	-0.0008	-0.0004	-0.0004	-0.0	-0.0
hla17_Q	-0.0	-0.0	-0.0	-0.0	-0.0	-0.0199	-0.0	-0.0706	-0.0
hla18_T	0.0	-0.0	-0.0	0.0	0.0033	0.0004	0.0008	-0.0029	0.0
hla19_D	0.0	0.0	0.0	0.0	0.0015	0.0014	0.0083	0.0	-0.0599
hla20_V	-0.0	0.0	0.0	-0.0	-0.0	-0.0	0.0	0.0699	-0.0
hla21_N	-0.0	-0.0	-0.0	-0.0	-0.055	-0.0	-0.0238	-0.1855	-0.0939
hla22_K	-0.0	-0.0	-0.0	-0.0	-0.0	-0.0	-0.0	-0.0091	-0.0101
hla23_L	-0.0	0.0	0.0	-0.0	-0.0	-0.0	-0.0	-0.0	-0.151
hla24_Y	0.0	0.0	0.0	0.0	0.0	0.0	0.0	0.0	0.0092
hla25_L	-0.0	0.0	0.0	-0.0	-0.0	-0.0	-0.0	-0.0	-0.1494
hla26_R	-0.0	-0.0	-0.0087	-0.0034	0.0073	0.0017	-0.0011	-0.0	-0.0842
hla27_Y	0.0018	0.045	0.009	0.0	0.012	0.0038	0.0059	0.0	0.0
hla28_D	0.0	0.0	0.0051	0.0	0.0004	0.0003	0.002	0.0	-0.0
hla29_S	0.0	-0.0	0.0	-0.0	-0.0003	-1e-04	-1e-04	-0.0	-0.0013
hla30_A	-0.0	0.0	0.0	-0.0	-0.0	0.0	0.0	0.0	-0.0631
hla31_Y	0.0	0.0	0.0	0.0	0.0	0.0	0.0	0.0	0.009
hla32_W	0.0	-0.0	0.0	0.0	0.0	0.0	0.0	0.0	0.0
hla33_T	0.0	-0.0	-0.0	0.0	0.0	0.0	0.0	-0.0	0.0071
hla34_K	-0.0	-0.0	-0.0	-0.0	-0.0	-0.0	-0.0206	-0.1173	-0.1302
hla35_W	0.0	-0.0	0.0	0.0	0.0051	0.0003	0.0011	0.0038	0.0094
hla36_A	-0.0	0.0	0.0	-0.0	-0.0195	0.0	0.0076	0.0	-0.0
hla37_E	0.0	0.0	0.0192	0.0	0.009	0.0015	0.0023	0.0	-0.0
hla38_Q	-0.0	-0.0	-0.0068	-0.018	-0.0317	-0.017	-0.0153	-0.0	-0.0
hla39_W	0.0	-0.0	0.0075	0.0087	0.0412	0.0023	0.0086	0.0	0.0
hla40_Y	0.0002	0.0043	0.0009	0.0002	0.0011	0.0	0.0	0.0	0.0
hla41_E	0.0235	0.0175	0.0	0.0042	0.0	0.0	0.0	0.0	-0.0
hla42_W	0.0893	-0.0	0.0	0.0	0.0	0.0	0.0	0.0	0.0
hla43_R	-0.038	-0.0	-0.0	-0.0	0.0	0.0	-0.0	-0.0	-0.0
hla44_Y	0.0014	0.0	0.0	0.0	0.0	0.0	0.0	0.0	0.0
