	pep01_L	pep02_S	pep03_Q	pep04_P	pep05_G	pep06_P	pep07_A	pep08_P	pep09_S
hla01_M	0.0025	0.0	0.0	-0.0	0.0	-0.0	0.0	-0.0	0.0
hla02_Y	0.0415	0.057	0.0	0.0	0.0	0.0	0.0	0.0	0.0
hla03_F	0.0443	-0.0834	-0.1006	0.0	-0.0031	0.0116	-0.0021	0.0	-0.0
hla04_F	0.0	-0.0025	-0.0	0.0	-1e-04	0.0	-0.0	0.0	-0.0
hla05_A	0.0	-0.0359	-0.0	-0.0	-0.0	-0.0	-0.0	-0.0	-0.0
hla06_F	0.0	-0.0183	-0.0	0.0	-0.0	0.0	-0.0	0.0	-0.0
hla07_M	0.0636	0.1608	0.0	-0.0	0.0	-0.0	0.0	-0.0	0.0
hla08_E	0.0302	0.0	0.0	-0.0	0.0	-0.0	0.0	-0.0	0.0
hla09_Y	0.0064	0.0	0.0	0.0	0.0	0.0	0.0	0.0	0.0
hla10_Q	-0.0295	-0.084	-0.1005	-0.0024	-0.0	-0.0	-0.0	-0.0	-0.0
hla11_E	0.0124	0.0184	0.0	-0.0017	0.0	-0.0	0.0	-0.0	0.0
hla12_R	-0.0	0.0	-0.0	-0.0004	-0.0	-0.0	0.0	-0.0	0.0
hla13_N	-0.1523	-0.0528	-0.188	-0.0015	-0.006	-0.0069	-0.0	-0.0	-0.0
hla14_V	0.0605	-0.0741	0.0	-0.0	-0.0	-0.0	-0.0	-0.0	-0.0
hla15_A	0.0	-0.0	-0.0	-0.0019	-0.0016	-0.0086	-0.0	-0.0	-0.0
hla16_Q	-0.0	-0.0011	-0.0014	-0.0	-1e-04	-0.0002	-0.0003	-0.0	-0.0
hla17_Q	-0.0	-0.0	-0.0	-0.0	-0.0	-0.0152	-0.0	-0.0085	-0.0
hla18_T	-0.0	0.0	0.0	0.0	0.0002	1e-04	0.0013	1e-04	0.0
hla19_D	0.0	0.0	0.0	-0.0	0.0014	-0.0058	0.0018	-0.0	0.0118
hla20_V	0.0	-0.0	0.0	-0.0	-0.0	-0.0	-0.0	-0.01	-0.0
hla21_D	0.0	0.0	0.0	-0.0	0.0002	-0.0	0.0003	-0.0005	0.0019
hla22_T	-0.0	0.0	0.0	0.0	0.0	0.0	0.0	0.0011	0.0636
hla23_L	0.0	-0.0	-0.0	-0.0	-0.0	-0.0	-0.0	-0.0	-0.0354
hla24_Y	0.0	0.0	0.0	0.0	0.0	0.0	0.0	0.0	0.0212
hla25_I	-0.0	-0.0	0.0	0.0	-0.0	0.0	-0.0	0.0	-0.0684
hla26_I	-0.0	-0.0	0.0185	0.0002	-0.0011	0.0009	-0.016	0.0	-0.0829
hla27_Y	0.0162	0.0223	0.0187	0.0	0.0006	0.0043	0.0097	0.0	0.0
hla28_R	-0.0	0.0	-0.0664	-0.0	-0.002	-0.013	0.0136	-0.0	0.0
hla29_D	0.0	0.0	0.0039	-0.0	1e-04	-0.0005	1e-04	-0.0	0.001
hla30_A	0.0	-0.0	-0.0	-0.0	-0.0	-0.0	-0.0	-0.0	-0.0008
hla31_Y	0.0	0.0	0.0	0.0	0.0	0.0	0.0	0.0	0.0084
hla32_W	-0.0	0.0	-0.0	0.0	0.0	0.0	0.0	0.0	0.0
hla33_T	-0.0	0.0	0.0	0.0	0.0	0.0	0.0	0.0	0.0211
hla34_K	-0.0	-0.0	-0.0	-0.0	-0.0	-0.0	-0.0094	-0.0019	-0.0403
hla35_W	-0.0	0.0	-0.0	0.0	0.0005	0.0012	0.0081	0.0007	0.0061
hla36_A	0.0	-0.0	-0.0	-0.0	-0.0025	-0.0	-0.0139	-0.0	-0.0
hla37_E	0.0	0.0	0.1106	-0.0	0.0041	-0.0158	0.013	-0.0	0.0
hla38_Q	-0.0	-0.0	-0.1649	-0.004	-0.0062	-0.0182	-0.0346	-0.0	-0.0
hla39_L	0.0	-0.0	-0.0586	-0.0012	-0.002	-0.0056	-0.0043	-0.0	-0.0
hla40_Y	0.0024	0.0032	0.0027	1e-04	1e-04	0.0	0.0	0.0	0.0
hla41_T	-0.0025	0.0051	0.0	0.0	0.0	0.0	0.0	0.0	0.0
hla42_W	-0.0482	0.0	-0.0	0.0	0.0	0.0	0.0	0.0	0.0
hla43_R	-0.0039	0.0	-0.0	-0.0	-0.0	-0.0	0.0	-0.0	0.0
hla44_Y	0.0062	0.0	0.0	0.0	0.0	0.0	0.0	0.0	0.0
