	pep01_M	pep02_L	pep03_N	pep04_E	pep05_H	pep06_D	pep07_F	pep08_E	pep09_V
hla01_M	0.0231	0.0	-0.0	-0.0	-0.0	-0.0	0.0	-0.0	0.0
hla02_Y	0.0016	0.0249	0.0	0.0	0.0	0.0	0.0	0.0	0.0
hla03_Y	0.0052	0.0806	0.0227	0.0	0.0021	0.0029	0.0021	0.0	0.0
hla04_F	0.0	0.0129	-0.0	-0.0	-0.0012	-0.0	0.0	-0.0	-0.0
hla05_A	0.0	0.0197	-0.0	-0.0	-0.0	-0.0	0.0	-0.0	0.0
hla06_F	0.0	0.0386	-0.0	-0.0	-0.0	-0.0	0.0	-0.0	-0.0
hla07_G	-0.0033	-0.0969	-0.0	-0.0	-0.0	-0.0	-0.0	-0.0	0.0
hla08_E	0.0132	0.0	0.0	-0.0	0.0	-0.0	0.0	-0.0	0.0
hla09_Y	0.0025	0.0	0.0	0.0	0.0	0.0	0.0	0.0	0.0
hla10_R	-0.0032	-0.0234	0.0008	0.0026	-0.0	0.0	-0.0	0.0	-0.0
hla11_E	0.0151	0.0939	0.0	-0.0108	0.0	-0.0	0.0	-0.0	0.0
hla12_Q	-0.0	-0.0	-0.0	-0.0087	-0.0	-0.0	0.0	-0.0	-0.0
hla13_K	-0.0139	-0.3286	-0.141	-1e-04	-0.0042	-0.0078	-0.0	-0.0	-0.0
hla14_Y	0.0184	0.285	0.0	0.0	0.0	0.0	0.0	0.0	0.0
hla15_R	-0.0	-0.0	0.0	0.0073	-0.02	0.0183	-0.0	0.0	-0.0
hla16_Q	-0.0	-0.0154	-0.0101	-0.002	-0.0009	-0.0033	0.0005	-0.0	-0.0
hla17_Q	-0.0	-0.0	-0.0	-0.0	-0.0	-0.0135	0.0	-0.0076	-0.0
hla18_T	-0.0	-0.0	0.0	0.0	-1e-04	0.0048	-0.005	0.0036	0.0
hla19_D	0.0	0.0	0.0	-0.0	0.0128	-0.0162	0.0025	-0.0	0.1326
hla20_V	0.0	0.0	-0.0	0.0	-0.0	-0.0	-0.0	0.0004	0.0
hla21_S	0.0	-0.0	-0.0	0.0	0.0021	0.0	-0.0012	0.0025	-0.026
hla22_N	-0.0	-0.0	-0.0	-0.0	-0.0	0.0	-0.0	-1e-04	-0.0683
hla23_L	0.0	0.0	-0.0	-0.0	-0.0	-0.0	0.0	-0.0	-0.0198
hla24_Y	0.0	0.0	0.0	0.0	0.0	0.0	0.0	0.0	0.3311
hla25_I	-0.0	-0.0	-0.0	-0.0	0.0	-0.0	0.0	-0.0	-0.2347
hla26_R	-0.0	-0.0	0.0005	0.0017	-0.0047	0.0043	-0.0038	0.0	-0.0071
hla27_Y	0.003	0.0456	0.0128	0.0	0.0012	0.0017	0.0012	0.0	0.0
hla28_D	0.0	0.0	0.0333	-0.0	0.0095	-0.0119	0.0019	-0.0	0.0
hla29_Y	0.0	0.0	0.023	0.0	0.0021	0.003	0.0021	0.0	0.0945
hla30_A	0.0	0.0	-0.0	-0.0	-0.0	-0.0	0.0	-0.0	0.076
hla31_Y	0.0	0.0	0.0	0.0	0.0	0.0	0.0	0.0	0.293
hla32_W	0.0	-0.0	0.0	-0.0	0.0	-0.0	-0.0	-0.0	0.0
hla33_T	-0.0	-0.0	0.0	0.0	-0.0	0.0	-0.0	0.0	0.0266
hla34_K	-0.0	-0.0	-0.0	-0.0	-0.0	-0.0	-1e-04	-0.0	-0.0302
hla35_W	0.0	-0.0	0.0	-0.0	0.0012	-0.0032	-0.0003	-0.0012	0.0193
hla36_A	0.0	0.0	-0.0	-0.0	-0.0032	-0.0	0.0038	-0.0	0.0
hla37_E	0.0	0.0	0.006	-0.0	0.0012	-0.0025	0.0016	-0.0	0.0
hla38_Q	-0.0	-0.0	-0.0472	-0.0092	-0.0043	-0.0153	0.0024	-0.0	-0.0
hla39_L	0.0	0.0	-0.1004	-0.0129	-0.0021	-0.0213	0.0196	-0.0	-0.0
hla40_Y	0.0004	0.0062	0.0017	1e-04	0.0002	0.0	0.0	0.0	0.0
hla41_L	0.0029	0.018	-0.0	-0.0017	-0.0	-0.0	0.0	-0.0	-0.0
hla42_W	0.0036	-0.0	0.0	-0.0	0.0	-0.0	-0.0	-0.0	0.0
hla43_R	-0.0021	-0.0	0.0	0.0	-0.0	0.0	-0.0	0.0	-0.0
hla44_Y	0.0005	0.0	0.0	0.0	0.0	0.0	0.0	0.0	0.0
