	pep01_A	pep02_L	pep03_L	pep04_A	pep05_Y	pep06_T	pep07_L	pep08_G	pep09_V
hla01_M	0.0302	0.0	0.0	0.0	0.0	0.0	0.0	0.0	0.0
hla02_Y	0.0029	0.008	0.0	0.0	-0.0	0.0	0.0	0.0	0.0
hla03_F	-0.001	0.0362	0.0223	-0.0	0.0011	-0.0078	0.0016	-0.0	-0.0
hla04_F	-0.0	0.0035	0.0	-0.0	1e-04	-0.0	0.0	-0.0	-0.0
hla05_A	-0.0	0.0157	0.0	-0.0	-0.0	0.0	0.0	-0.0	0.0
hla06_F	-0.0	0.0138	0.0	-0.0	0.0	-0.0	0.0	-0.0	-0.0
hla07_M	0.0107	0.0472	0.0	0.0	0.0	0.0	0.0	0.0	0.0
hla08_E	0.0201	0.0	0.0	0.0	0.0	0.0	0.0	0.0	0.0
hla09_Y	0.0064	0.0	0.0	0.0	-0.0	0.0	0.0	0.0	0.0
hla10_G	0.0002	-0.0024	-0.0015	0.0	-0.0	0.0	-0.0	-0.0	0.0
hla11_E	0.0133	0.042	0.0	0.0026	0.0	0.0	0.0	0.0	0.0
hla12_R	0.0	-0.0	-0.0	0.0031	-0.0	0.0	-0.0	-0.0	-0.0
hla13_K	-0.0197	-0.0814	-0.0501	-0.0039	0.0064	-0.0117	-0.0	-0.0	-0.0
hla14_V	-0.0109	0.1339	0.0	-0.0	-0.0	-0.0	0.0	-0.0	0.0
hla15_A	-0.0	0.0	0.0	-0.0027	-0.0086	0.007	0.0	-0.0	0.0
hla16_H	-0.0	-0.0006	-0.0004	-0.0005	-0.0039	0.0035	-0.0	-0.0	0.0
hla17_Q	-0.0	-0.0	-0.0	-0.0	0.0	-0.0034	-0.0	-0.0019	-0.0
hla18_T	0.0	-0.0	-0.0	0.0	-0.0	1e-04	-0.0	1e-04	0.0
hla19_H	-0.0	-0.0	-0.0	-0.0	-0.0109	0.0097	-1e-04	-0.0	0.0049
hla20_V	-0.0	0.0	0.0	-0.0	-0.0	-0.0	0.0	-0.0195	0.0
hla21_D	0.0	0.0	0.0	0.0	0.0004	0.0	0.0006	0.0008	0.0147
hla22_T	0.0	-0.0	-0.0	0.0	-0.0	0.0	-0.0	0.0062	0.0244
hla23_L	-0.0	0.0	0.0	-0.0	0.0	-0.0	0.0	-0.0	-0.0307
hla24_Y	0.0	0.0	0.0	0.0	-0.0	0.0	0.0	0.0	0.2979
hla25_V	-0.0	0.0	0.0	-0.0	-0.0	-0.0	0.0	-0.0	0.1053
hla26_M	0.0	0.0	0.0619	0.0045	0.0107	0.0283	0.0044	0.0	0.0417
hla27_Y	0.0133	0.037	0.0228	0.0	-0.0015	0.0069	0.0016	0.0	0.0
hla28_H	-0.0	-0.0	-0.0015	-0.0	-0.0146	0.013	-1e-04	-0.0	0.0
hla29_Y	0.0	0.0	0.0747	0.0	-0.0049	0.0225	0.0053	0.0	0.1538
hla30_A	-0.0	0.0	0.0	-0.0	-0.0	0.0	0.0	-0.0	0.0507
hla31_Y	0.0	0.0	0.0	0.0	-0.0	0.0	0.0	0.0	0.2589
hla32_W	0.0	-0.0	-0.0	0.0	0.0	0.0	-0.0	0.0	0.0
hla33_T	0.0	-0.0	-0.0	0.0	-0.0	0.0	-0.0	0.0	0.0073
hla34_K	-0.0	-0.0	-0.0	-0.0	0.0	-0.0	-0.0002	-0.0003	-0.0045
hla35_W	0.0	-0.0	-0.0	0.0	0.0006	0.0004	-0.0003	0.0009	0.007
hla36_A	-0.0	0.0	0.0	-0.0	-0.0136	0.0	0.0077	-0.0	0.0
hla37_V	-0.0	0.0	0.0754	-0.0	-0.0052	-0.0041	0.0053	-0.0	0.0
hla38_Q	-0.0	-0.0	-0.0694	-0.0095	0.0028	-0.0425	-0.0049	-0.0	-0.0
hla39_L	-0.0	0.0	0.059	-0.0025	0.0141	-0.0222	0.0042	-0.0	-0.0
hla40_Y	1e-04	0.0004	0.0002	0.0	-0.0	0.0	0.0	0.0	0.0
hla41_T	0.0004	-0.0007	-0.0	1e-04	-0.0	0.0	-0.0	0.0	0.0
hla42_W	0.0529	-0.0	-0.0	0.0	0.0	0.0	-0.0	0.0	0.0
hla43_R	0.0027	-0.0	-0.0	0.0	-0.0	0.0	-0.0	-0.0	-0.0
hla44_Y	0.0095	0.0	0.0	0.0	-0.0	0.0	0.0	0.0	0.0
