	pep01_Q	pep02_T	pep03_W	pep04_T	pep05_D	pep06_G	pep07_R	pep08_N	pep09_M
hla01_M	0.0008	0.0	0.0	0.0	-0.0	0.0	-0.0	-0.0	0.0
hla02_Y	0.0043	0.0144	-0.0	0.0	0.0	0.0	0.0	0.0	0.0
hla03_F	-0.0135	-0.0264	0.0066	-0.0	-0.0044	-0.0052	-0.0201	-0.0	0.0
hla04_F	-0.0	-0.0119	0.0	-0.0	-0.002	-0.0	-0.0	-0.0	0.0
hla05_A	-0.0	0.0072	0.0	0.0	-0.0	-0.0	-0.0	-0.0	0.0
hla06_F	-0.0	-0.0527	0.0	-0.0	-0.0	-0.0	-0.0	-0.0	0.0
hla07_M	0.0004	0.0268	0.0	0.0	-0.0	0.0	-0.0	-0.0	0.0
hla08_E	0.0055	0.0	0.0	0.0	-0.0	0.0	0.0	0.0	0.0
hla09_Y	0.002	0.0	-0.0	0.0	0.0	0.0	0.0	0.0	0.0
hla10_G	-0.0076	0.0015	-0.0128	0.0002	-0.0	-0.0	-0.0	-0.0	-0.0
hla11_E	0.0099	0.0039	0.0	0.0004	-0.0	0.0	0.0	0.0	0.0
hla12_R	-0.0	0.0	-0.0	0.0027	0.0	-0.0	-0.0	0.0	-0.0
hla13_K	-0.0145	-0.0534	0.0243	-0.0059	-0.0055	-0.0093	-0.0	-0.0	-0.0
hla14_V	0.0153	-0.0081	0.0	-0.0	-0.0	-0.0	-0.0	-0.0	0.0
hla15_A	-0.0	0.0	0.0	0.0012	-0.0052	-0.004	-0.0	-0.0	0.0
hla16_H	-0.0	0.0059	-0.0008	0.0007	0.0009	-0.0014	-0.0018	-0.0	-0.0
hla17_Q	-0.0	-0.0	-0.0	-0.0	-0.0	-0.0074	-0.0	-0.0022	-0.0
hla18_T	0.0	0.0	-0.0	0.0	0.0012	0.0007	0.0009	0.0002	-0.0
hla19_H	-0.0	0.0	-0.0	0.0	0.0038	-0.0054	-0.007	-0.0	-0.0149
hla20_V	0.0	-0.0	0.0	-0.0	-0.0	-0.0	-0.0	-0.0059	0.0
hla21_D	0.0	0.0	-0.0	0.0	-0.0016	0.0	0.0055	0.0002	0.0024
hla22_T	0.0	0.0	-0.0	0.0	0.0	0.0	0.0	0.0022	-0.0104
hla23_L	-0.0	-0.0	-0.0	-0.0	-0.0	-0.0	-0.0	-0.0	0.0441
hla24_Y	0.0	0.0	-0.0	0.0	0.0	0.0	0.0	0.0	0.0455
hla25_V	0.0	-0.0	0.0	-0.0	-0.0	-0.0	-0.0	-0.0	0.0113
hla26_R	-0.0	0.0	-0.033	0.0011	0.0099	-0.0041	-0.0208	0.0	-0.0097
hla27_Y	0.0114	0.0377	-0.0104	0.0	0.0046	0.005	0.0009	0.0	0.0
hla28_H	-0.0	0.0	-0.0058	0.0	0.0065	-0.0094	-0.0121	-0.0	-0.0
hla29_Y	0.0	0.0	-0.0054	0.0	0.0024	0.0026	0.0004	0.0	0.0085
hla30_A	-0.0	0.0	0.0	0.0	-0.0	-0.0	-0.0	-0.0	0.018
hla31_Y	0.0	0.0	-0.0	0.0	0.0	0.0	0.0	0.0	0.0295
hla32_W	-0.0	0.0	-0.0	0.0	-0.0	0.0	1e-04	0.0	0.0
hla33_T	0.0	0.0	-0.0	0.0	0.0	0.0	0.0	0.0	-0.003
hla34_K	-0.0	-0.0	0.0	-0.0	-0.0	-0.0	-0.0016	-0.0004	-0.0016
hla35_W	-0.0	0.0	-0.0	0.0	-0.003	0.0015	0.0042	1e-04	0.0012
hla36_A	-0.0	0.0	0.0	0.0	-0.014	-0.0	-0.0402	-0.0	0.0
hla37_V	0.0	-0.0	0.0017	-0.0	-0.014	-0.01	-0.0109	-0.0	0.0
hla38_Q	-0.0	-0.0	-0.0032	-0.0049	-0.0156	-0.0092	-0.0074	-0.0	-0.0
hla39_L	-0.0	-0.0	-0.0356	-0.0062	-0.0228	-0.0155	-0.03	-0.0	0.0
hla40_Y	0.0013	0.0043	-0.0012	0.0005	0.0005	0.0	0.0	0.0	0.0
hla41_T	0.0006	0.0022	-0.0	0.0002	0.0	0.0	0.0	0.0	-0.0
hla42_W	-0.0011	0.0	-0.0	0.0	-0.0	0.0	0.0	0.0	0.0
hla43_R	-0.0032	0.0	-0.0	0.0	0.0	-0.0	-0.0	0.0	-0.0
hla44_Y	0.0052	0.0	-0.0	0.0	0.0	0.0	0.0	0.0	0.0
