	pep01_R	pep02_R	pep03_G	pep04_G	pep05_N	pep06_S	pep07_W	pep08_E	pep09_A
hla01_M	-0.0054	-0.0	0.0	0.0	-0.0	0.0	0.0	-0.0	0.0
hla02_Y	0.0004	0.0018	0.0	0.0	0.0	0.0	-0.0	0.0	0.0
hla03_Y	0.0026	0.0104	0.0517	0.0	0.0148	0.0159	-0.0017	0.0	0.0
hla04_F	-0.0	-0.2105	-0.0	-0.0	-0.0104	-0.0	0.0	-0.0	-0.0
hla05_A	-0.0	-0.3279	-0.0	-0.0	-0.0	-0.0	0.0	-0.0	-0.0
hla06_F	-0.0	-0.0422	-0.0	-0.0	-0.0	-0.0	0.0	-0.0	-0.0
hla07_G	-0.0153	-0.0616	-0.0	-0.0	-0.0	0.0	-0.0	-0.0	0.0
hla08_E	0.1444	0.0	0.0	0.0	0.0	0.0	0.0	-0.0	0.0
hla09_Y	1e-04	0.0	0.0	0.0	0.0	0.0	-0.0	0.0	0.0
hla10_R	-0.0934	-0.3758	-0.0641	-0.0079	0.0	0.0	-0.0	0.0	0.0
hla11_E	0.0487	0.1962	0.0	0.0057	0.0	0.0	0.0	-0.0	0.0
hla12_Q	-0.0	-0.0	-0.0	-0.0042	-0.0	-0.0	-0.0	-0.0	-0.0
hla13_K	-0.0851	-0.3425	-0.1391	-0.0171	-0.06	-0.0384	0.0	-0.0	-0.0
hla14_Y	0.0045	0.0183	0.0	0.0	0.0	0.0	-0.0	0.0	0.0
hla15_R	-0.0	-0.0	-0.0	-0.0064	0.0006	0.0122	-0.0	0.0	0.0
hla16_Q	-0.0	-0.015	-0.0162	-0.002	-0.0034	-0.0032	-1e-04	-0.0	-0.0
hla17_Q	-0.0	-0.0	-0.0	-0.0	-0.0	-0.0377	-0.0	-0.31	-0.0
hla18_T	0.0	0.0	0.0	0.0	0.0108	0.0057	-0.0038	0.106	0.0
hla19_D	0.0	0.0	0.0	0.0	0.0146	0.0021	-0.0023	-0.0	0.011
hla20_V	-0.0	-0.0	-0.0	-0.0	-0.0	-0.0	0.0	0.0055	-0.0
hla21_S	0.0	0.0	-0.0	-0.0	-0.0334	-0.0	0.0	0.1629	-0.1678
hla22_N	-0.0	-0.0	-0.0	-0.0	-0.0	-0.0	-0.0	-0.0077	-0.2697
hla23_L	-0.0	-0.0	-0.0	-0.0	-0.0	-0.0	-0.0	-0.0	-0.0291
hla24_Y	0.0	0.0	0.0	0.0	0.0	0.0	-0.0	0.0	0.0625
hla25_L	-0.0	-0.0	-0.0	-0.0	-0.0	-0.0	-0.0	-0.0	-0.0675
hla26_W	0.0	0.0	0.0092	0.0011	0.0005	0.0007	-0.0008	-0.0	0.0311
hla27_Y	0.0006	0.0022	0.0112	0.0	0.0032	0.0035	-0.0004	0.0	0.0
hla28_D	0.0	0.0	0.0349	0.0	0.0129	0.0019	-0.002	-0.0	0.0
hla29_S	0.0	0.0	-0.0016	-0.0	-0.0006	-0.0003	0.0	0.0	-0.003
hla30_A	-0.0	-0.0	-0.0	-0.0	-0.0	-0.0	0.0	-0.0	-0.0195
hla31_Y	0.0	0.0	0.0	0.0	0.0	0.0	-0.0	0.0	0.0314
hla32_W	0.0	0.0	0.0	0.0	0.0	0.0	-0.0	-0.0	0.0
hla33_T	0.0	0.0	0.0	0.0	0.0	0.0	-0.0	0.0	0.0253
hla34_K	-0.0	-0.0	-0.0	-0.0	-0.0	-0.0	0.0003	-1e-04	-0.0158
hla35_W	0.0	0.0	0.0	0.0	1e-04	1e-04	-0.0002	-0.0024	0.0063
hla36_A	-0.0	-0.0	-0.0	-0.0	-0.0131	-0.0	0.0094	-0.0	-0.0
hla37_A	-0.0	-0.0	-0.02	-0.0	-0.0041	-0.0035	0.003	-0.0	-0.0
hla38_Q	-0.0	-0.0	-0.2042	-0.0251	-0.0432	-0.041	-0.0011	-0.0	-0.0
hla39_Q	-0.0	-0.0	-0.0464	-0.0057	-0.0098	-0.0093	-0.0002	-0.0	-0.0
hla40_Y	0.0	1e-04	0.0004	1e-04	1e-04	0.0	-0.0	0.0	0.0
hla41_T	0.0075	0.0301	0.0	0.0024	0.0	0.0	-0.0	0.0	0.0
hla42_W	0.0614	0.0	0.0	0.0	0.0	0.0	-0.0	-0.0	0.0
hla43_R	-0.0267	-0.0	-0.0	-0.0	0.0	0.0	-0.0	0.0	0.0
hla44_Y	1e-04	0.0	0.0	0.0	0.0	0.0	-0.0	0.0	0.0
